"Funder name (country only, from among top 50 only)","Funder ID","Total disb. to int'l orgs. post-2013 for cap. (nom. USD)"
United States of America,1078,5980989625.59923
Canada,908,791474520.6839837
Germany,869,780565480.2302159
Netherlands,868,199589307.45750874
Norway,1017,124917456.20332932
Sweden,1059,93699465.04216696
Japan,973,84809266.70569567
United Kingdom,1075,83030887.22833334
Australia,883,77245479.85989513
European Union,1200,44511288.05683334
Belgium,891,9400492.404
Denmark,927,3611074.333333333
Republic of Korea,1030,2316666.6666666665
Ireland,969,2200000.0
Italy,971,889442.1090666668
Switzerland,1060,846861.0
New Zealand,1010,384468.3333333333
Finland,944,211774.66666666666
France,945,211774.66666666666
Spain,1055,151451.0
